,method,comp,suff
0,ablation,0.00956273078918457,-0.00024139881134033203
1,ablation,0.9782740511000156,7.492303848266602e-05
2,ablation,0.025807619094848633,0.05887925624847412
3,ablation,0.311263226903975,-0.6833384037017822
4,ablation,0.9584463550709188,-0.03835195302963257
5,ablation,0.24765461683273315,0.8314890414476395
6,ablation,0.006008803844451904,0.00012731552124023438
7,ablation,0.00969630479812622,2.3484230041503906e-05
8,ablation,0.002207338809967041,0.00031131505966186523
9,ablation,0.0050545334815979,0.9895763066597283
10,ablation,0.00016558170318603516,0.0010133981704711914
11,ablation,0.9770104177296162,-0.0013703703880310059
12,ablation,0.01589149236679077,-7.468461990356445e-05
13,ablation,0.0008432865142822266,0.0005193948745727539
14,ablation,0.003721773624420166,-0.0007446408271789551
15,ablation,0.001107931137084961,0.00036275386810302734
16,ablation,0.775497168302536,-9.870529174804688e-05
17,ablation,0.9934406634420156,-0.00018364191055297852
18,ablation,0.00024819374084472656,0.14292728900909424
19,ablation,0.9803906716406345,-0.00032085180282592773
20,ablation,0.0014586448669433594,-0.00031435489654541016
21,ablation,0.12085598707199097,0.005460977554321289
22,ablation,0.992344876518473,0.9941207738011144
23,ablation,0.9792048316448927,0.8075537532567978
24,ablation,0.9331323653459549,0.9635106809437275
25,ablation,0.0011253952980041504,0.0033942461013793945
26,ablation,0.005376667249947786,-0.08152076043188572
27,ablation,0.020936250686645508,-0.0005117058753967285
28,ablation,0.7241830825805664,0.0013329386711120605
29,ablation,0.15142440795898438,-4.7326087951660156e-05
30,ablation,0.6308929920196533,-0.0848076343536377
31,ablation,0.025641143321990967,2.2590160369873047e-05
32,ablation,0.19048535823822021,-0.004197120666503906
33,ablation,0.026740074157714844,0.01703023910522461
34,ablation,0.9894839553162456,0.0020966529846191406
35,ablation,0.003802001476287842,0.00017517805099487305
36,ablation,0.6333095729351044,0.00019925832748413086
37,ablation,0.0003552436828613281,0.09876477718353271
38,ablation,0.012520372867584229,-0.0001595020294189453
39,ablation,0.00037097930908203125,0.0001690983772277832
40,ablation,0.34656959772109985,0.002359747886657715
41,ablation,0.9824117310345173,-0.0020516514778137207
42,ablation,0.002821207046508789,-1.5854835510253906e-05
43,ablation,0.8948407273273915,-0.10364705324172974
44,ablation,0.9725122740492225,-0.0223577618598938
45,ablation,0.008358895778656006,-4.649162292480469e-05
46,ablation,0.006401240825653076,0.0011461973190307617
47,ablation,0.9329329207539558,-0.002076447010040283
48,ablation,0.9911143151111901,-0.0016199946403503418
49,ablation,0.007198333740234375,-4.023313522338867e-05
50,ablation,0.8511947840452194,0.13172698020935059
51,ablation,0.11980217695236206,-7.051229476928711e-05
52,ablation,0.003771364688873291,-4.953145980834961e-05
53,ablation,0.002440867305267602,-0.9957271793391556
54,ablation,0.9762526340782642,-0.014711380004882812
55,ablation,0.5763762891292572,9.554624557495117e-05
56,ablation,2.9861927032470703e-05,7.063150405883789e-05
57,ablation,0.0001308917999267578,0.0002327561378479004
58,ablation,0.9758629724383354,-0.0017194747924804688
59,ablation,0.0005828738212585449,0.1585199236869812
60,ablation,0.0081559419631958,-4.172325134277344e-06
61,ablation,0.34071826934814453,-0.0012827515602111816
62,ablation,0.8830485492944717,0.2243032455444336
63,ablation,0.9648397769778967,0.03198343515396118
64,ablation,0.0015624761581420898,0.01463097333908081
65,ablation,0.04333072900772095,0.001315295696258545
66,ablation,0.01787567138671875,0.0003127455711364746
67,ablation,0.9940950707532465,-0.0024771690368652344
68,ablation,0.0027510523796081543,-1.2993812561035156e-05
69,ablation,0.0025678277015686035,0.019485056400299072
70,ablation,0.007781803607940674,2.187490463256836e-05
71,ablation,0.016797244548797607,0.0001569986343383789
72,ablation,0.0006792545318603516,0.00010985136032104492
73,ablation,0.0002478361129760742,2.8431415557861328e-05
74,ablation,0.0017323493957519531,0.041665732860565186
75,ablation,0.31478285789489746,-0.0003675222396850586
76,ablation,0.9789678771048784,0.025420784950256348
77,ablation,0.61071470141178,-0.38489097356796265
78,ablation,0.015027999877929688,0.9970242218114436
79,ablation,0.1275794506072998,-0.003658294677734375
80,ablation,5.501508712768555e-05,0.9333520978689194
81,ablation,0.9794299462810159,0.018573224544525146
82,ablation,0.1747933030128479,0.12271630764007568
83,ablation,0.03477132320404053,-8.040666580200195e-05
84,ablation,0.015344619750976562,0.0031172633171081543
85,ablation,0.8556452542543411,0.012791097164154053
86,ablation,0.14622050523757935,-0.004563391208648682
87,ablation,0.00812619924545288,0.006624996662139893
88,ablation,0.9797850605100393,0.002925097942352295
89,ablation,0.7798168584704399,-0.15375477075576782
90,ablation,0.012009959667921066,0.014856666326522827
91,ablation,0.0043656229972839355,1.430511474609375e-05
92,ablation,0.15230542421340942,-0.00028383731842041016
93,ablation,0.011739850044250488,6.240606307983398e-05
94,ablation,0.7466693818569183,0.00022274255752563477
95,ablation,0.0007544755935668945,0.014806985855102539
96,ablation,0.0006565451622009277,0.00033146142959594727
97,ablation,0.015502870082855225,-0.00016176700592041016
98,ablation,0.0010250210762023926,-9.363889694213867e-05
99,ablation,0.004345059394836426,0.00018650293350219727
100,ablation,0.9484271556138992,-0.006265163421630859
101,ablation,0.0021202564239501953,5.441904067993164e-05
102,ablation,0.9965067461598665,-0.0007147789001464844
103,ablation,0.015658438205718994,0.0002652406692504883
104,ablation,0.9941662040073425,-0.00319671630859375
105,ablation,0.9764636643230915,0.0010374784469604492
106,ablation,0.012952625751495361,-2.7060508728027344e-05
107,ablation,0.9952436373569071,-0.000568091869354248
108,ablation,0.9861960466951132,-0.004747629165649414
109,ablation,0.48546892404556274,-0.0021058320999145508
110,ablation,0.9891915703192353,-4.76837158203125e-07
111,ablation,0.5393660629633814,-0.3653180003166199
112,ablation,0.0006200075149536133,0.08558177947998047
113,ablation,0.0991331934928894,0.11527353525161743
114,ablation,0.007167398929595947,0.0020467042922973633
115,ablation,0.004199326038360596,8.821487426757812e-06
116,ablation,0.8452100604772568,0.0016498565673828125
117,ablation,0.0013341307640075684,0.0002595186233520508
118,ablation,0.8218089789152145,0.5315285921096802
119,ablation,0.01062879990786314,-0.9866086151450872
120,ablation,0.005025386810302734,0.0002697110176086426
121,ablation,0.9856088925153017,-0.004930615425109863
122,ablation,0.21000796556472778,0.029881954193115234
123,ablation,0.00010675191879272461,9.447336196899414e-05
124,ablation,0.9976315679959953,-6.449222564697266e-05
125,ablation,0.005193889141082764,0.00010579824447631836
126,ablation,0.942847765982151,0.005894780158996582
127,ablation,0.539113312959671,-0.00012183189392089844
128,ablation,0.13637197017669678,0.0015009045600891113
129,ablation,0.9010986771900207,-0.09690976142883301
130,ablation,0.02559030055999756,0.0001100301742553711
131,ablation,0.9955047050025314,-0.0006354451179504395
132,ablation,0.9918749015778303,-0.0005908608436584473
133,ablation,-0.14311707019805908,-0.0929679274559021
134,ablation,0.10864547244273126,-0.8831236511468887
135,ablation,0.4473993182182312,-0.0001609325408935547
136,ablation,0.0005001425743103027,0.0001398324966430664
137,ablation,0.04244804382324219,0.00020080804824829102
138,ablation,0.9962201418820769,0.00018996000289916992
139,ablation,0.9055961817502975,-7.659196853637695e-05
140,ablation,0.12464988231658936,0.0023508667945861816
141,ablation,0.7090337872505188,-0.0016388893127441406
142,ablation,0.5139212012290955,0.005728721618652344
143,ablation,0.004817962646484375,0.5180721879005432
144,ablation,0.03340679407119751,0.0006589293479919434
145,ablation,0.0012426376342773438,0.9593674801290035
146,ablation,0.00022464990615844727,5.1915645599365234e-05
147,ablation,0.007062017917633057,7.331371307373047e-06
148,ablation,0.9874319406226277,-2.2351741790771484e-05
149,ablation,0.00037658214569091797,1.3470649719238281e-05
150,ablation,0.024940013885498047,0.00026351213455200195
151,ablation,0.4261621395125985,-0.5519865453243256
152,ablation,8.672475814819336e-05,2.9742717742919922e-05
153,ablation,0.9569397419691086,-0.0003800392150878906
154,ablation,0.9828207027167082,0.000408172607421875
155,ablation,0.014412999153137207,-1.33514404296875e-05
156,ablation,0.03298872709274292,0.2747442126274109
157,ablation,0.0009692907333374023,0.3916873335838318
158,ablation,0.0005052685737609863,0.15785819292068481
159,ablation,0.7740857880562544,-0.18157118558883667
160,ablation,0.0016311407089233398,5.9604644775390625e-06
161,ablation,0.0002339482307434082,0.0003674030303955078
162,ablation,0.013348162174224854,4.988908767700195e-05
163,ablation,0.970194712979719,-0.02711433172225952
164,ablation,0.9911464503966272,-0.0028210878372192383
165,ablation,0.9317186325788498,-0.00028830766677856445
166,ablation,0.00021582841873168945,0.016365468502044678
167,ablation,1.895427703857422e-05,0.00010281801223754883
168,ablation,0.0005889534950256348,0.8668902069330215
169,ablation,0.0002633333206176758,0.041793644428253174
170,ablation,0.9789681900292635,-0.00042819976806640625
171,ablation,0.006733059883117676,0.0016625523567199707
172,ablation,0.8242320865392685,0.9903875216841698
173,ablation,0.990003869868815,0.03242313861846924
174,ablation,2.1457672119140625e-05,0.0006903409957885742
175,ablation,0.00023674964904785156,0.10636162757873535
176,ablation,0.908765397965908,4.786252975463867e-05
177,ablation,0.006541907787322998,0.1153186559677124
178,ablation,0.0007128715515136719,0.0024753808975219727
179,ablation,0.9896079865284264,-0.0031431913375854492
180,ablation,0.006522417068481445,0.011193454265594482
181,ablation,0.4474213123321533,-0.00011986494064331055
182,ablation,0.8733242973685265,-0.10150110721588135
183,ablation,0.8570006489753723,-1.4126300811767578e-05
184,ablation,0.974862951785326,-4.011392593383789e-05
185,ablation,0.027490079402923584,-0.00022393465042114258
186,ablation,0.908998653292656,0.6116512715816498
187,ablation,0.016200363636016846,0.0016474127769470215
188,ablation,0.9844699669629335,-0.0039634108543396
189,ablation,0.5649669170379639,0.0596657395362854
190,ablation,0.0003133416175842285,0.40035462379455566
191,ablation,0.07942867279052734,-0.00010198354721069336
192,ablation,0.2566072940826416,0.0030811429023742676
193,ablation,0.013808488845825195,0.0003432631492614746
194,ablation,0.4752936363220215,-0.00027048587799072266
195,ablation,0.00040417909622192383,2.205371856689453e-05
196,ablation,0.07380646467208862,-0.0003078579902648926
197,ablation,0.004625439643859863,7.62939453125e-05
198,ablation,0.9758960530161858,-1.990795135498047e-05
199,ablation,0.5297925004269928,0.37322333455085754
200,ablation,0.961623877286911,0.006551802158355713
201,ablation,0.00020569562911987305,1.6748905181884766e-05
202,ablation,0.030734539031982422,5.7756900787353516e-05
203,ablation,0.01607578992843628,0.007352054119110107
204,ablation,0.9877015147358179,0.0061457157135009766
205,ablation,0.03183090686798096,-0.0005352497100830078
206,ablation,0.00014269351959228516,0.00047516822814941406
207,ablation,0.07331961393356323,0.14356887340545654
208,ablation,0.0004261136054992676,0.00012636184692382812
209,ablation,0.9336758255958557,0.2530074715614319
210,ablation,0.03504234552383423,0.00040340423583984375
211,ablation,2.0503997802734375e-05,0.00044840574264526367
212,ablation,0.0001844167709350586,-3.629922866821289e-05
213,ablation,0.011834263801574707,-0.000141143798828125
214,ablation,0.9915108792483807,-0.0002613067626953125
215,ablation,0.01604318618774414,-0.009501039981842041
216,ablation,0.988904170691967,0.7819142192602158
217,ablation,0.0023749470710754395,1.5139579772949219e-05
218,ablation,0.08388519287109375,0.00013005733489990234
219,ablation,0.17952454090118408,0.0014763474464416504
220,ablation,0.00015485286712646484,0.0002599358558654785
221,ablation,0.001056075096130371,0.2056911587715149
222,ablation,0.012690544128417969,-0.00017279386520385742
223,ablation,0.03895902633666992,0.0012385845184326172
224,ablation,0.9423252418637276,0.000291287899017334
225,ablation,0.9787916634231806,0.0012820959091186523
226,ablation,0.0004929900169372559,3.6716461181640625e-05
227,ablation,0.9970269210170954,-0.001256704330444336
228,ablation,0.18098294734954834,-0.0001824498176574707
229,ablation,-0.005125278607010841,-0.0025764144957065582
230,ablation,0.1988281011581421,0.006315052509307861
231,ablation,0.005099475383758545,0.03242671489715576
232,ablation,0.010423660278320312,0.0358392596244812
233,ablation,0.7931420505046844,-0.0014040470123291016
234,ablation,8.028745651245117e-05,0.0002523064613342285
235,ablation,0.13554084300994873,0.007041037082672119
236,ablation,0.9588668681681156,0.0015372633934020996
237,ablation,0.9833557028323412,0.9755390901118517
238,ablation,0.0026729702949523926,-0.00014090538024902344
239,ablation,0.825801745057106,0.00020927190780639648
240,ablation,0.016000866889953613,-0.00020992755889892578
241,ablation,0.005340576171875,0.0048989057540893555
242,ablation,0.47607362270355225,0.00011873245239257812
243,ablation,0.9978729389840737,0.02876812219619751
244,ablation,0.9949650431517512,-0.003437221050262451
245,ablation,0.018723726272583008,0.004525899887084961
246,ablation,0.9979724443983287,0.9751091785728931
247,ablation,0.0001766681671142578,0.013793528079986572
248,ablation,0.04949826002120972,0.00023514032363891602
249,ablation,0.27699053287506104,0.10599595308303833
250,ablation,0.5044976770877838,-0.00020515918731689453
251,ablation,0.6288871467113495,-0.0006435513496398926
252,ablation,0.9897267017513514,-0.0002658367156982422
253,ablation,0.17959266901016235,0.0016865134239196777
254,ablation,0.31501188850961626,-0.6821394264698029
255,ablation,0.023420214653015137,0.09710460901260376
256,ablation,0.29814791679382324,0.7075808346271515
257,ablation,0.9066361263394356,-0.00022304058074951172
258,ablation,0.07271921634674072,-0.0001367330551147461
259,ablation,0.9835840370506048,0.015438616275787354
260,ablation,3.612041473388672e-05,3.445148468017578e-05
261,ablation,0.870948389172554,-0.026157677173614502
262,ablation,0.007940471172332764,-1.1920928955078125e-07
263,ablation,0.8825104832649231,-0.00010317564010620117
264,ablation,0.992065611993894,-0.005376875400543213
265,ablation,0.16654443740844727,0.008611798286437988
266,ablation,0.1817410783842206,-0.5649333149194717
267,ablation,0.0014339685440063477,-7.873773574829102e-05
268,ablation,-0.039713919162750244,-0.03275251388549805
269,ablation,0.013478577136993408,0.0008417367935180664
270,ablation,0.0902855396270752,0.00015091896057128906
271,ablation,3.8564205169677734e-05,2.6166439056396484e-05
272,ablation,0.005893349647521973,0.007677912712097168
273,ablation,0.9449671097099781,0.010300517082214355
274,ablation,0.748342277482152,-0.20346295833587646
275,ablation,0.009044528007507324,2.1338462829589844e-05
276,ablation,0.8002383410930634,0.0011049509048461914
277,ablation,0.46400994062423706,-0.00011551380157470703
278,ablation,0.43782925605773926,-0.001001119613647461
279,ablation,0.0007075667381286621,0.02197355031967163
280,ablation,0.004080653190612793,0.0008572936058044434
281,ablation,0.004402458667755127,0.004675507545471191
282,ablation,0.0006846785545349121,0.006153404712677002
283,ablation,0.031488239765167236,-0.00018829107284545898
284,ablation,0.9597760885953903,-3.421306610107422e-05
285,ablation,0.5335889458656311,-0.0008206367492675781
286,ablation,0.3815211057662964,0.00016832351684570312
287,ablation,0.10082000528927892,-0.43807609379291534
288,ablation,0.0010147690773010254,1.0848045349121094e-05
289,ablation,0.9796082861721516,-4.6312808990478516e-05
290,ablation,0.9824737622402608,-0.011295557022094727
291,ablation,0.08909732103347778,0.001132190227508545
292,ablation,0.9860963923856616,-0.00013756752014160156
293,ablation,0.664899080991745,-0.00020682811737060547
294,ablation,0.03580695390701294,0.6733700633049011
295,ablation,0.029474616050720215,0.0004585385322570801
296,ablation,0.00017452239990234375,0.00010257959365844727
297,ablation,0.04315519332885742,0.0007727146148681641
298,ablation,0.001690208911895752,0.0007088184356689453
299,ablation,0.3534727804362774,-0.6266652941703796
0,ig,0.0005892515182495117,-0.00031894445419311523
1,ig,0.9789951555430889,-0.0006074905395507812
2,ig,0.0027233362197875977,0.0037001967430114746
3,ig,0.31118966173380613,-0.6832707524299622
4,ig,0.958563421620056,-0.038371503353118896
5,ig,0.00551682710647583,0.7018322944641113
6,ig,0.008871793746948242,5.310773849487305e-05
7,ig,0.00969630479812622,2.3484230041503906e-05
8,ig,0.06622189283370972,5.1975250244140625e-05
9,ig,0.0020795464515686035,-0.0006111860275268555
10,ig,3.647804260253906e-05,0.037644147872924805
11,ig,0.990910863969475,-0.0014384984970092773
12,ig,0.01589149236679077,-7.468461990356445e-05
13,ig,0.0005213618278503418,0.005086004734039307
14,ig,0.004070103168487549,-0.0006644725799560547
15,ig,0.03334230184555054,7.37309455871582e-05
16,ig,0.042893946170806885,1.3947486877441406e-05
17,ig,0.9876316729933023,-6.079673767089844e-06
18,ig,0.00013816356658935547,4.583597183227539e-05
19,ig,0.9803906716406345,-0.00032085180282592773
20,ig,0.0011841654777526855,0.017212212085723877
21,ig,0.38929927349090576,0.006790816783905029
22,ig,0.9921371389646083,0.9935783973196521
23,ig,0.1946616768836975,0.007600903511047363
24,ig,0.8502168357372284,0.2703571915626526
25,ig,0.0003707408905029297,-1.7881393432617188e-05
26,ig,0.0011759772896766663,-0.9718477297574282
27,ig,0.015083670616149902,-0.0005151033401489258
28,ig,0.9321555271744728,0.9871680121868849
29,ig,0.008238434791564941,-0.00021535158157348633
30,ig,0.8166449666023254,0.10737788677215576
31,ig,0.0002022385597229004,8.344650268554688e-07
32,ig,-0.0022124648094177246,0.007772564888000488
33,ig,0.0006625652313232422,0.0008994340896606445
34,ig,0.9839540868997574,0.004415392875671387
35,ig,0.000453948974609375,0.0002651214599609375
36,ig,0.003720223903656006,1.0251998901367188e-05
37,ig,0.001714944839477539,-5.1915645599365234e-05
38,ig,0.00797879695892334,-9.60230827331543e-05
39,ig,4.2319297790527344e-05,0.015752077102661133
40,ig,0.0071637630462646484,-0.0006905198097229004
41,ig,0.04297918081283569,0.006627857685089111
42,ig,0.003580331802368164,0.06342428922653198
43,ig,0.8942793784663081,-0.10358476638793945
44,ig,0.9549944549798965,-0.02231156826019287
45,ig,0.002219259738922119,0.005261480808258057
46,ig,0.0620952844619751,0.010228574275970459
47,ig,0.9162155389785767,0.009224236011505127
48,ig,0.3172939419746399,-0.001534104347229004
49,ig,6.55055046081543e-05,0.09037190675735474
50,ig,0.29764723777770996,0.015780925750732422
51,ig,0.034627676010131836,0.0010164380073547363
52,ig,0.003771364688873291,-4.953145980834961e-05
53,ig,0.002643609215738252,-0.9934383013751358
54,ig,0.6886473894119263,0.07004809379577637
55,ig,0.7707275450229645,0.020089030265808105
56,ig,0.00032895803451538086,2.008676528930664e-05
57,ig,0.00017452239990234375,0.0001894235610961914
58,ig,0.8817462250590324,0.012876391410827637
59,ig,0.0005828738212585449,0.1585199236869812
60,ig,0.008242189884185791,-4.458427429199219e-05
61,ig,0.9490540064871311,0.9848614996299148
62,ig,0.4815612733364105,0.013770461082458496
63,ig,-0.0006983280181884766,0.005255520343780518
64,ig,0.0006014108657836914,0.008570671081542969
65,ig,0.03973418474197388,-0.00011277198791503906
66,ig,0.5737412869930267,-0.00015968084335327148
67,ig,0.5344152450561523,-0.0024352669715881348
68,ig,0.00015735626220703125,-2.384185791015625e-05
69,ig,0.0035008788108825684,0.02151542901992798
70,ig,0.0007047057151794434,0.00014889240264892578
71,ig,0.029505372047424316,9.179115295410156e-06
72,ig,0.01780712604522705,0.0001672506332397461
73,ig,0.0001774430274963379,-5.960464477539062e-07
74,ig,0.06257504224777222,0.03904014825820923
75,ig,0.23663562536239624,-0.00034558773040771484
76,ig,0.0006743669509887695,0.9877062495797873
77,ig,0.6107728205097374,-0.3434690237045288
78,ig,0.008869767189025879,2.0384788513183594e-05
79,ig,0.01777970790863037,-0.0034127235412597656
80,ig,0.915205642580986,0.9724053244572133
81,ig,0.5628087818622589,0.2938160300254822
82,ig,0.025726795196533203,0.2779664397239685
83,ig,0.035466134548187256,-3.546476364135742e-05
84,ig,0.019617855548858643,0.00526738166809082
85,ig,0.9682849049568176,-0.00030732154846191406
86,ig,0.08656001091003418,-0.0040070414543151855
87,ig,0.001181483268737793,0.024371623992919922
88,ig,0.9910015766508877,0.008807837963104248
89,ig,0.399646520614624,-0.14008629322052002
90,ig,0.021142395213246346,-0.7704324945807457
91,ig,0.0003192424774169922,0.004633963108062744
92,ig,0.007194995880126953,-0.0001385211944580078
93,ig,0.004398941993713379,0.06296008825302124
94,ig,0.01698744297027588,0.0294530987739563
95,ig,0.0006527900695800781,0.00024068355560302734
96,ig,0.00026732683181762695,0.013078451156616211
97,ig,0.019441068172454834,0.004292607307434082
98,ig,0.0015491247177124023,-9.208917617797852e-05
99,ig,0.004345059394836426,0.00018650293350219727
100,ig,0.9757782127708197,-0.008469998836517334
101,ig,0.000444948673248291,5.608797073364258e-05
102,ig,0.9973889301763847,-0.0006749629974365234
103,ig,6.026029586791992e-05,0.000884711742401123
104,ig,0.9873725306242704,0.010248661041259766
105,ig,0.0005837678909301758,0.010086417198181152
106,ig,0.0047318339347839355,-5.6624412536621094e-05
107,ig,0.9955059881322086,-0.0014154911041259766
108,ig,0.9601352922618389,-0.002640068531036377
109,ig,0.07686495780944824,-0.0023846030235290527
110,ig,0.9911855617538095,-2.7358531951904297e-05
111,ig,0.5392901431769133,-0.4423503279685974
112,ig,0.0002594590187072754,0.105296790599823
113,ig,0.0991331934928894,0.11527353525161743
114,ig,0.19124376773834229,0.0013757944107055664
115,ig,0.002207338809967041,0.00033295154571533203
116,ig,0.8452100604772568,0.0016498565673828125
117,ig,0.013307154178619385,-9.936094284057617e-05
118,ig,0.6720751821994781,0.9626372340135276
119,ig,0.010027121985331178,-0.985658397898078
120,ig,0.0007629990577697754,-0.00021761655807495117
121,ig,0.34401005506515503,-0.003232598304748535
122,ig,0.09700512886047363,0.0019266009330749512
123,ig,0.0028970837593078613,9.042024612426758e-05
124,ig,0.000991225242614746,6.973743438720703e-06
125,ig,0.005892693996429443,0.00016045570373535156
126,ig,0.9836008744314313,-0.0008515715599060059
127,ig,0.001552283763885498,-8.422136306762695e-05
128,ig,0.0036832690238952637,-6.628036499023438e-05
129,ig,0.9005224541760981,0.02018904685974121
130,ig,0.02559030055999756,0.0001100301742553711
131,ig,0.036477506160736084,0.005624175071716309
132,ig,0.02416175603866577,-0.0005273818969726562
133,ig,-0.15116703510284424,0.031882286071777344
134,ig,0.10765468108002096,-0.8818676620721817
135,ig,0.023387610912322998,0.00022417306900024414
136,ig,0.00016129016876220703,0.0001659393310546875
137,ig,0.0016775727272033691,0.00011748075485229492
138,ig,0.989395204000175,0.0035953521728515625
139,ig,0.19590872526168823,-4.4465065002441406e-05
140,ig,0.9266554713249207,0.014380037784576416
141,ig,0.08078855276107788,-0.0016762018203735352
142,ig,0.0034502148628234863,0.00010627508163452148
143,ig,0.0007290244102478027,0.0020480751991271973
144,ig,0.00024646520614624023,-0.00023365020751953125
145,ig,0.0012943148612976074,0.0003102421760559082
146,ig,0.0001112818717956543,4.017353057861328e-05
147,ig,0.01611030101776123,0.013444066047668457
148,ig,0.5433760583400726,2.6941299438476562e-05
149,ig,0.00048416852951049805,9.053945541381836e-05
150,ig,0.005694985389709473,0.38653743267059326
151,ig,0.40233101695775986,-0.5577118098735809
152,ig,0.0004749894142150879,0.002356231212615967
153,ig,0.013557732105255127,0.004989266395568848
154,ig,0.4572380781173706,0.006361961364746094
155,ig,0.00039893388748168945,8.970499038696289e-05
156,ig,0.4924617409706116,0.0035380125045776367
157,ig,0.00014126300811767578,9.298324584960938e-06
158,ig,0.0005052685737609863,0.15785819292068481
159,ig,0.7853546626865864,0.7593042440712452
160,ig,0.3363282084465027,0.0018486380577087402
161,ig,0.00041610002517700195,0.0016384720802307129
162,ig,0.17755162715911865,0.00016897916793823242
163,ig,0.9698171729687601,-0.024043917655944824
164,ig,0.7190994620323181,-0.002690553665161133
165,ig,0.3358191251754761,-1.6510486602783203e-05
166,ig,0.01116865873336792,4.863739013671875e-05
167,ig,0.00044727325439453125,3.266334533691406e-05
168,ig,0.00014722347259521484,7.957220077514648e-05
169,ig,0.0045906901359558105,0.14927756786346436
170,ig,0.9764372389763594,-0.00035518407821655273
171,ig,0.005387425422668457,0.002398669719696045
172,ig,0.00020748376846313477,0.0026107430458068848
173,ig,0.9933736994862556,-0.0001844167709350586
174,ig,2.562999725341797e-05,0.0002802610397338867
175,ig,0.003653883934020996,0.0016674995422363281
176,ig,0.9574133194983006,6.073713302612305e-05
177,ig,0.0010797977447509766,0.0005829334259033203
178,ig,0.0003153681755065918,-2.5033950805664062e-05
179,ig,0.28635674715042114,0.9099737405776978
180,ig,0.0001761317253112793,0.04964780807495117
181,ig,0.9965460150269791,0.00677567720413208
182,ig,0.8857139032334089,-0.1010439395904541
183,ig,0.9969417508691549,5.960464477539062e-07
184,ig,0.3485563397407532,0.0004973411560058594
185,ig,0.9955391548573971,-0.0002498626708984375
186,ig,0.9876183355227113,0.17418265342712402
187,ig,0.004324555397033691,0.00038993358612060547
188,ig,0.9749926384538412,-0.0036403536796569824
189,ig,0.002628028392791748,0.00039309263229370117
190,ig,0.9268512651324272,0.982828214764595
191,ig,0.07009035348892212,-5.984306335449219e-05
192,ig,0.03055286407470703,0.2211262583732605
193,ig,0.003106534481048584,0.003883659839630127
194,ig,0.01248931884765625,-0.00023055076599121094
195,ig,0.00010687112808227539,0.10477447509765625
196,ig,0.8422650843858719,-0.00023126602172851562
197,ig,0.004533052444458008,-9.000301361083984e-06
198,ig,0.00014007091522216797,-2.86102294921875e-06
199,ig,0.5297925004269928,0.37322333455085754
200,ig,0.02626967430114746,0.5041537284851074
201,ig,0.00020700693130493164,0.0027779340744018555
202,ig,0.008409738540649414,0.0010919570922851562
203,ig,0.0018405318260192871,0.0005792379379272461
204,ig,0.9817512426525354,0.01278311014175415
205,ig,0.04569554328918457,-0.0004988908767700195
206,ig,0.0012326836585998535,0.0010330677032470703
207,ig,0.11217588186264038,0.27882081270217896
208,ig,0.00019413232803344727,-7.62939453125e-06
209,ig,0.9336758255958557,0.2530074715614319
210,ig,0.023691296577453613,-3.135204315185547e-05
211,ig,2.7894973754882812e-05,0.00021392107009887695
212,ig,0.0004811882972717285,-5.227327346801758e-05
213,ig,0.020991206169128418,-0.00020390748977661133
214,ig,0.9828594550490379,-0.0002727508544921875
215,ig,0.9888777937740088,-0.00953972339630127
216,ig,0.988904170691967,0.7819142192602158
217,ig,0.0004190206527709961,0.005951583385467529
218,ig,0.9384841285645962,-0.00011920928955078125
219,ig,0.036452651023864746,0.0009638667106628418
220,ig,0.00035053491592407227,5.5670738220214844e-05
221,ig,0.0003591179847717285,0.002680063247680664
222,ig,0.026783883571624756,-0.0003425478935241699
223,ig,0.00035202503204345703,0.0010183453559875488
224,ig,0.005392968654632568,0.0001690387725830078
225,ig,0.002191305160522461,0.08939749002456665
226,ig,1.0848045349121094e-05,0.0005022883415222168
227,ig,0.9969677159097046,-0.0012055039405822754
228,ig,0.00938338041305542,0.0014671087265014648
229,ig,0.005889797583222389,-0.9639590112492442
230,ig,0.6767289638519287,-0.0012897849082946777
231,ig,0.040339529514312744,0.0007128715515136719
232,ig,0.32144999504089355,0.008812129497528076
233,ig,0.8910681009292603,-0.0016219019889831543
234,ig,4.2438507080078125e-05,0.0010554790496826172
235,ig,0.9547146670520306,-0.00037914514541625977
236,ig,0.8617474585771561,-9.304285049438477e-05
237,ig,0.5410138070583344,0.004927158355712891
238,ig,0.003908693790435791,-8.803606033325195e-05
239,ig,0.8521726280450821,0.0007905960083007812
240,ig,0.20564407110214233,-0.00024694204330444336
241,ig,0.005340576171875,0.0048989057540893555
242,ig,0.028578519821166992,-0.00015735626220703125
243,ig,0.9979332248913124,0.06137818098068237
244,ig,0.995091418735683,-0.0035772323608398438
245,ig,0.8511966615915298,0.01206904649734497
246,ig,0.9984509182395414,0.0014154314994812012
247,ig,0.0008848905563354492,0.0008576512336730957
248,ig,5.245208740234375e-06,0.025651633739471436
249,ig,0.0030313730239868164,0.0033849477767944336
250,ig,0.05194401741027832,0.00041288137435913086
251,ig,0.4035760760307312,-0.0004736781120300293
252,ig,0.8576289564371109,-0.00026166439056396484
253,ig,0.0236014723777771,-0.00029212236404418945
254,ig,0.3125953320413828,-0.6821341812610626
255,ig,0.03082829713821411,0.010042428970336914
256,ig,0.05946832895278931,0.8727639764547348
257,ig,0.9503712505102158,0.014831840991973877
258,ig,0.001175999641418457,-1.1324882507324219e-05
259,ig,0.09214425086975098,0.002397775650024414
260,ig,0.000560760498046875,4.4345855712890625e-05
261,ig,0.9525549113750458,0.7562018930912018
262,ig,0.0437052845954895,7.152557373046875e-06
263,ig,0.0024153590202331543,-0.00011938810348510742
264,ig,0.9854571148753166,-0.00508803129196167
265,ig,0.04629892110824585,0.17874175310134888
266,ig,0.17276776395738125,-0.7796808034181595
267,ig,0.000585019588470459,0.7082120180130005
268,ig,0.9501846460625529,0.09742408990859985
269,ig,0.0006258487701416016,0.0003883838653564453
270,ig,0.07274454832077026,0.00017333030700683594
271,ig,2.8431415557861328e-05,8.302927017211914e-05
272,ig,0.007501721382141113,1.8358230590820312e-05
273,ig,0.9969400926493108,-0.0003611445426940918
274,ig,0.6845457181334496,-0.13396871089935303
275,ig,0.0009383559226989746,7.033348083496094e-06
276,ig,8.90493392944336e-05,0.00028765201568603516
277,ig,0.46400994062423706,-0.00011551380157470703
278,ig,0.1518121361732483,0.0027655959129333496
279,ig,0.00017249584197998047,0.0692676305770874
280,ig,0.004080653190612793,0.0008572936058044434
281,ig,0.0014536380767822266,0.019304990768432617
282,ig,1.9848346710205078e-05,0.00018447637557983398
283,ig,0.0398140549659729,-0.00011169910430908203
284,ig,0.5833499431610107,7.95125961303711e-05
285,ig,0.8793679773807526,0.004352927207946777
286,ig,0.0008702278137207031,0.0001533031463623047
287,ig,0.10105861409101635,-0.4354626089334488
288,ig,0.00221937894821167,4.6193599700927734e-05
289,ig,0.9977869889698923,-0.00025707483291625977
290,ig,0.9739896757528186,0.11601829528808594
291,ig,0.022958695888519287,0.00019347667694091797
292,ig,0.9821192435920238,-1.8835067749023438e-05
293,ig,0.011487603187561035,0.009461581707000732
294,ig,0.9475723281502724,0.6877738833427429
295,ig,0.0017254948616027832,0.0004704594612121582
296,ig,6.03795051574707e-05,0.19159024953842163
297,ig,0.010529875755310059,0.00029146671295166016
298,ig,0.00041729211807250977,0.0020671486854553223
299,ig,0.3683141637593508,-0.626607358455658
0,shap,0.006951689720153809,-0.00022792816162109375
1,shap,0.9732847474515438,-0.00010526180267333984
2,shap,0.00022906064987182617,0.0006352066993713379
3,shap,0.31366964732296765,-0.6834084391593933
4,shap,0.9591606634203345,-0.03825855255126953
5,shap,0.9804994892328978,0.10370874404907227
6,shap,0.001625657081604004,-1.3113021850585938e-06
7,shap,0.004733026027679443,0.00020760297775268555
8,shap,0.015761733055114746,4.410743713378906e-06
9,shap,0.34228384494781494,-0.002252936363220215
10,shap,5.501508712768555e-05,0.0007205605506896973
11,shap,0.990910863969475,-0.0014384984970092773
12,shap,0.0009542107582092285,0.10525864362716675
13,shap,0.002792060375213623,0.00016617774963378906
14,shap,0.00675886869430542,-0.0007364749908447266
15,shap,0.03334230184555054,7.37309455871582e-05
16,shap,0.007738173007965088,0.00021439790725708008
17,shap,0.9708696119487286,-0.0001741647720336914
18,shap,0.0001245737075805664,0.00012731552124023438
19,shap,0.9520732462406158,-0.00031495094299316406
20,shap,0.0054492950439453125,-0.00035393238067626953
21,shap,0.15659469366073608,-0.0016729235649108887
22,shap,0.9935333682806231,0.9835373722016811
23,shap,0.9795866403728724,-8.654594421386719e-05
24,shap,0.9792464263737202,0.013819992542266846
25,shap,5.751848220825195e-05,-3.540515899658203e-05
26,shap,0.0059102114755660295,-0.9591372776776552
27,shap,0.26191890239715576,-0.000521540641784668
28,shap,0.9967247354798019,0.005099117755889893
29,shap,0.101032555103302,-6.4849853515625e-05
30,shap,0.8618084155023098,0.3745192885398865
31,shap,0.0006115436553955078,-3.445148468017578e-05
32,shap,0.11424338817596436,-0.006819307804107666
33,shap,0.24696820974349976,4.51207160949707e-05
34,shap,0.9943339074961841,0.0016289353370666504
35,shap,0.0006120800971984863,0.0028173327445983887
36,shap,0.07927054166793823,-2.866983413696289e-05
37,shap,0.0006142258644104004,1.2755393981933594e-05
38,shap,0.00797879695892334,-9.60230827331543e-05
39,shap,0.00020802021026611328,0.0008273124694824219
40,shap,0.8034558445215225,-0.0007548332214355469
41,shap,0.995564482989721,-0.0015778541564941406
42,shap,0.002488255500793457,0.0015016794204711914
43,shap,0.893924644915387,-0.10369288921356201
44,shap,0.9746123861987144,-0.022234737873077393
45,shap,0.023385941982269287,0.03196614980697632
46,shap,0.29077672958374023,0.0002180337905883789
47,shap,0.9498797096312046,-0.0019342899322509766
48,shap,0.9911143151111901,-0.0016199946403503418
49,shap,0.09069168567657471,-7.206201553344727e-05
50,shap,0.30434590578079224,0.024308085441589355
51,shap,0.22088909149169922,-0.0009183883666992188
52,shap,0.020487487316131592,6.967782974243164e-05
53,shap,0.0026123449206352234,-0.9957401135470718
54,shap,0.9762526340782642,-0.014711380004882812
55,shap,0.18485981225967407,0.104961097240448
56,shap,0.0003453493118286133,1.2755393981933594e-05
57,shap,0.0012114644050598145,7.18235969543457e-05
58,shap,0.9765918720513582,-0.002415955066680908
59,shap,0.0005828738212585449,0.1585199236869812
60,shap,0.008242189884185791,-4.458427429199219e-05
61,shap,0.9966115863062441,0.9922320060431957
62,shap,0.8830485492944717,0.2243032455444336
63,shap,0.9684207085520029,-0.007284641265869141
64,shap,0.003883838653564453,0.00019365549087524414
65,shap,0.15395677089691162,-0.0003724098205566406
66,shap,0.7374143302440643,-0.00013148784637451172
67,shap,0.9955376535654068,-0.0024293065071105957
68,shap,0.5933144688606262,-4.9054622650146484e-05
69,shap,0.001977205276489258,0.02501547336578369
70,shap,0.25952863693237305,0.00011622905731201172
71,shap,0.20700788497924805,9.22083854675293e-05
72,shap,0.012686014175415039,0.0003591179847717285
73,shap,0.0005775690078735352,1.0311603546142578e-05
74,shap,0.06257504224777222,0.03904014825820923
75,shap,0.7534323185682297,-0.0003675222396850586
76,shap,0.9560698084533215,0.2528318166732788
77,shap,0.6107756092096679,-0.3827561140060425
78,shap,0.0019158720970153809,0.00029659271240234375
79,shap,0.021654069423675537,-0.003694295883178711
80,shap,0.924090962857008,-0.022073984146118164
81,shap,0.9795333547517657,-0.01215583086013794
82,shap,0.09836053848266602,0.025002777576446533
83,shap,0.5535868406295776,-0.00011074542999267578
84,shap,0.024508655071258545,0.003826320171356201
85,shap,0.9866013638675213,-0.000276029109954834
86,shap,0.3834570646286011,-0.005850672721862793
87,shap,0.16075116395950317,0.001252591609954834
88,shap,0.988368721678853,0.009330689907073975
89,shap,0.7791253253817558,-0.15403008460998535
90,shap,0.0418394785374403,-0.9022903069853783
91,shap,0.0009627938270568848,0.0003458857536315918
92,shap,0.024221956729888916,-0.00031620264053344727
93,shap,0.011739850044250488,6.240606307983398e-05
94,shap,0.0005341768264770508,0.002185642719268799
95,shap,0.0017588138580322266,0.006018340587615967
96,shap,5.316734313964844e-05,0.0031513571739196777
97,shap,0.729087620973587,0.00658571720123291
98,shap,0.005411326885223389,-8.565187454223633e-05
99,shap,0.00035649538040161133,7.551908493041992e-05
100,shap,0.977472297847271,0.007485389709472656
101,shap,0.0017525553703308105,0.00016516447067260742
102,shap,0.9969632532447577,-0.000704646110534668
103,shap,0.4148867130279541,6.562471389770508e-05
104,shap,0.9941662040073425,-0.00319671630859375
105,shap,0.9977651800727472,0.0026892423629760742
106,shap,0.0016850829124450684,-4.6253204345703125e-05
107,shap,0.9940363466739655,-0.000555574893951416
108,shap,0.9864894626662135,-0.0031087398529052734
109,shap,0.04175591468811035,-0.0022502541542053223
110,shap,0.9845160245895386,-2.300739288330078e-05
111,shap,0.5394333841686603,0.42384476959705353
112,shap,0.0002594590187072754,0.105296790599823
113,shap,0.1251702904701233,0.10536223649978638
114,shap,0.007167398929595947,0.0020467042922973633
115,shap,0.004210174083709717,-6.836652755737305e-05
116,shap,0.9425985217094421,0.015417814254760742
117,shap,0.01974707841873169,-9.649991989135742e-05
118,shap,0.9383029956370592,0.8962562531232834
119,shap,0.011095726862549782,-0.986266365274787
120,shap,0.002752959728240967,-9.715557098388672e-06
121,shap,0.9786650910973549,-0.0052571892738342285
122,shap,0.9007126837968826,0.5050477087497711
123,shap,0.0028970837593078613,9.042024612426758e-05
124,shap,0.06740373373031616,-3.9696693420410156e-05
125,shap,0.0023016929626464844,8.70823860168457e-05
126,shap,0.9899622648954391,1.2695789337158203e-05
127,shap,0.013742506504058838,-0.0001227855682373047
128,shap,0.05358642339706421,-2.8967857360839844e-05
129,shap,0.901022455887869,-0.09709525108337402
130,shap,0.9741365741938353,0.017292916774749756
131,shap,0.9854671452194452,-0.0002944469451904297
132,shap,0.988855691626668,-0.0005660653114318848
133,shap,-0.15449804067611694,-0.126689612865448
134,shap,0.10865217298851348,-0.8871801644563675
135,shap,0.15618807077407837,-0.00019431114196777344
136,shap,0.0004684925079345703,0.0002599954605102539
137,shap,0.004692971706390381,0.00014388561248779297
138,shap,0.9951771900523454,-0.0012957453727722168
139,shap,0.899743027985096,-7.766485214233398e-05
140,shap,0.23661237955093384,-0.00023794174194335938
141,shap,0.9930640934035182,-0.0009499192237854004
142,shap,0.5139212012290955,0.005728721618652344
143,shap,0.0008921623229980469,0.7400301098823547
144,shap,0.9918878492899239,0.000493168830871582
145,shap,0.01915222406387329,5.918741226196289e-05
146,shap,0.00025719404220581055,4.112720489501953e-05
147,shap,0.007783353328704834,-0.00012296438217163086
148,shap,0.34060871601104736,-2.7954578399658203e-05
149,shap,0.0007930994033813477,4.5239925384521484e-05
150,shap,0.004931509494781494,0.002332448959350586
151,shap,0.4247338119894266,-0.52621790766716
152,shap,0.0004749894142150879,0.002356231212615967
153,shap,0.9926970540545881,-0.0003750324249267578
154,shap,0.6785494089126587,0.002367377281188965
155,shap,0.003975272178649902,-9.5367431640625e-07
156,shap,0.9431533291935921,0.0015178918838500977
157,shap,0.00014126300811767578,9.298324584960938e-06
158,shap,0.0005052685737609863,0.15785819292068481
159,shap,0.7840120634064078,-0.19940221309661865
160,shap,0.9702466111630201,0.00040596723556518555
161,shap,0.00024205446243286133,0.0001881122589111328
162,shap,0.19832104444503784,-0.0001443028450012207
163,shap,0.9695449399296194,-0.02471911907196045
164,shap,0.9944656591396779,-0.0028098225593566895
165,shap,0.20790791511535645,-0.0001798868179321289
166,shap,0.01116865873336792,4.863739013671875e-05
167,shap,0.00044727325439453125,3.266334533691406e-05
168,shap,0.005962669849395752,0.0006793737411499023
169,shap,0.0007439255714416504,0.10550570487976074
170,shap,0.9838913101702929,-0.0005714297294616699
171,shap,0.0030146241188049316,0.0010479092597961426
172,shap,0.0035297274589538574,0.99845573422499
173,shap,0.9933736994862556,-0.0001844167709350586
174,shap,2.562999725341797e-05,0.0002802610397338867
175,shap,0.0060797929763793945,-9.876489639282227e-05
176,shap,0.9760212376713753,-0.0001284480094909668
177,shap,0.0017868280410766602,3.8623809814453125e-05
178,shap,0.0006801486015319824,-8.58306884765625e-06
179,shap,0.9928435571491718,0.02969205379486084
180,shap,0.05305671691894531,0.02160745859146118
181,shap,0.9945628398563713,0.0006338357925415039
182,shap,0.8854571124538779,-0.10186147689819336
183,shap,0.9960465021431446,-2.6226043701171875e-06
184,shap,0.040971338748931885,-0.00011265277862548828
185,shap,0.9955391548573971,-0.0002498626708984375
186,shap,0.9736792556941509,0.0033816099166870117
187,shap,0.014670014381408691,7.480382919311523e-05
188,shap,0.9610109999775887,-0.003680706024169922
189,shap,0.02477365732192993,0.0044283270835876465
190,shap,0.05036342144012451,0.8366298526525497
191,shap,0.9160742983222008,1.5437602996826172e-05
192,shap,0.979625703766942,0.9259781315922737
193,shap,0.11813974380493164,1.0251998901367188e-05
194,shap,0.6904230415821075,-0.00011754035949707031
195,shap,0.00040417909622192383,2.205371856689453e-05
196,shap,0.829510971903801,-0.00020313262939453125
197,shap,0.001938462257385254,5.7816505432128906e-05
198,shap,0.021369993686676025,5.4836273193359375e-06
199,shap,0.5297925004269928,0.37322333455085754
200,shap,0.06351089477539062,-0.0005764365196228027
201,shap,0.0003045201301574707,4.2498111724853516e-05
202,shap,0.020826220512390137,3.987550735473633e-05
203,shap,0.05021512508392334,-0.0001455545425415039
204,shap,0.9877015147358179,0.0061457157135009766
205,shap,0.011575937271118164,-0.0004734992980957031
206,shap,0.0012326836585998535,0.0010330677032470703
207,shap,0.7418688535690308,0.3004179000854492
208,shap,0.00011181831359863281,-2.014636993408203e-05
209,shap,0.9149275571107864,-0.0005958080291748047
210,shap,0.028762757778167725,0.00019675493240356445
211,shap,6.645917892456055e-05,0.00011354684829711914
212,shap,0.0012208223342895508,6.824731826782227e-05
213,shap,0.7629706710577011,-0.0001125335693359375
214,shap,0.982214642688632,0.0004150271415710449
215,shap,0.9886238059261814,-0.009559154510498047
216,shap,0.988904170691967,0.7819142192602158
217,shap,0.0007688999176025391,0.0008237361907958984
218,shap,0.9915017420426011,0.0003565549850463867
219,shap,0.8706806600093842,0.01083838939666748
220,shap,0.015253901481628418,9.775161743164062e-06
221,shap,0.0003591179847717285,0.002680063247680664
222,shap,0.02651745080947876,-0.0003291964530944824
223,shap,0.04132777452468872,-0.0001927018165588379
224,shap,0.0009666681289672852,9.816884994506836e-05
225,shap,0.9861502954736352,0.01022326946258545
226,shap,8.338689804077148e-05,2.1696090698242188e-05
227,shap,0.9970269210170954,-0.001256704330444336
228,shap,0.6615833342075348,-0.00010013580322265625
229,shap,0.0014526136219501495,-0.927419456653297
230,shap,0.22681045532226562,-0.00012665987014770508
231,shap,0.002161860466003418,-5.429983139038086e-05
232,shap,0.947387095540762,-0.00048160552978515625
233,shap,0.41636401414871216,-0.0015777945518493652
234,shap,7.098913192749023e-05,0.0012561678886413574
235,shap,0.9199312180280685,-0.00036460161209106445
236,shap,0.06422066688537598,8.416175842285156e-05
237,shap,0.9802358560264111,0.018191039562225342
238,shap,0.0053147077560424805,6.556510925292969e-06
239,shap,0.9975719472859055,0.00015878677368164062
240,shap,0.02042567729949951,-0.00033342838287353516
241,shap,0.004159748554229736,0.1054198145866394
242,shap,0.029172241687774658,-0.0001589059829711914
243,shap,0.9979857751168311,4.6193599700927734e-05
244,shap,0.9950166929047555,-0.0035896897315979004
245,shap,0.7497218400239944,0.8706134259700775
246,shap,0.9976062235655263,0.5896202325820923
247,shap,0.0008848905563354492,0.0008576512336730957
248,shap,0.13208317756652832,3.2961368560791016e-05
249,shap,0.0018233656883239746,0.0006681680679321289
250,shap,0.7322367131710052,-0.00030094385147094727
251,shap,0.9868013244122267,-0.0005371570587158203
252,shap,0.8576289564371109,-0.00026166439056396484
253,shap,0.2038285732269287,0.00012320280075073242
254,shap,0.31493066856637597,-0.6819840967655182
255,shap,0.0268438458442688,0.10516971349716187
256,shap,0.29814791679382324,0.7075808346271515
257,shap,0.9066361263394356,-0.00022304058074951172
258,shap,0.08590567111968994,-0.0001283884048461914
259,shap,0.9852688731625676,0.0010842084884643555
260,shap,0.000560760498046875,4.4345855712890625e-05
261,shap,0.9583139475435019,-0.028440654277801514
262,shap,0.019000709056854248,-1.1920928955078125e-07
263,shap,0.832387164235115,-8.565187454223633e-05
264,shap,0.9913504822179675,-0.0052713751792907715
265,shap,0.060157716274261475,0.003623485565185547
266,shap,0.18098974227905273,-0.8046128302812576
267,shap,0.0011073946952819824,0.0024430155754089355
268,shap,0.948522012680769,0.29667651653289795
269,shap,0.0026394128799438477,0.031017005443572998
270,shap,0.0416865348815918,0.00014543533325195312
271,shap,0.04786121845245361,-1.2159347534179688e-05
272,shap,0.045293331146240234,0.9183089062571526
273,shap,0.993476546369493,-0.0003669857978820801
274,shap,0.753155532758683,-0.24127572774887085
275,shap,0.0013431906700134277,2.8371810913085938e-05
276,shap,0.6401354670524597,-7.158517837524414e-05
277,shap,0.46400994062423706,-0.00011551380157470703
278,shap,0.36071789264678955,-0.0010469555854797363
279,shap,0.00017249584197998047,0.0692676305770874
280,shap,0.004080653190612793,0.0008572936058044434
281,shap,0.0009396672248840332,0.013522922992706299
282,shap,0.0001856684684753418,0.0008402466773986816
283,shap,0.014502286911010742,-0.0001862645149230957
284,shap,0.04619020223617554,5.728006362915039e-05
285,shap,0.7445072531700134,-0.0035042166709899902
286,shap,0.6855356693267822,0.00029098987579345703
287,shap,0.10102560673840344,-0.6223000437021255
288,shap,0.001842498779296875,0.00031560659408569336
289,shap,0.9964186137076467,-0.0004444718360900879
290,shap,0.9824737622402608,-0.011295557022094727
291,shap,0.17382770776748657,0.00023192167282104492
292,shap,0.9860963923856616,-0.00013756752014160156
293,shap,0.740551084280014,0.0010206103324890137
294,shap,0.8618222922086716,-0.004229605197906494
295,shap,0.1613132357597351,9.459257125854492e-05
296,shap,8.445978164672852e-05,8.434057235717773e-05
297,shap,0.9968404092360288,0.0003484487533569336
298,shap,0.007316529750823975,-8.410215377807617e-05
299,shap,0.3653236413374543,-0.6237460970878601
